id	date	name	type	size
0	04/04/2000-04:22-PM	MePXUionlC	Error-500	49
1	03/24/2001-01:31-PM	HvKwGZNiOp	Error-400	2075
2	09/26/2003-03:31-PM	MBBZNCHcuh	Error-400	264
3	07/03/2002-03:30-PM	yrGmoFYUbR	Error-500	1343
4	09/25/2000-10:54-AM	irGSUTCGNI	Error-404	3308
5	10/25/2010-01:34-AM	HEOHuUtlxN	Error-500	152
6	01/26/2009-05:12-PM	PXkQtMCWdz	Error-403	509
7	12/19/2003-01:43-PM	NRZaMWNemR	Error-403	3080
8	06/20/2010-01:31-PM	WZbeVOVKiz	Error-403	1944
9	11/15/2001-09:50-AM	mmbkuabuRk	Error-403	3064
10	12/01/2009-05:44-PM	hCGxpTkYyR	Error-500	1855
11	08/19/2002-07:49-AM	jPuyLniSyr	Error-403	1596
12	09/11/2002-06:31-AM	IIlZlAbWTv	Error-400	2918
13	10/12/2010-08:03-AM	KOKMulKGCl	Error-404	2660
14	08/16/2001-02:26-AM	YbFEiegnSv	Error-400	2258
15	10/20/2007-04:41-AM	tAHezoJArU	Error-403	3603
16	06/12/2004-04:12-AM	xcbpFFTrud	Error-404	2420
17	04/02/2010-04:26-AM	arBoJsHYqp	Error-400	2325
18	02/23/2006-02:41-AM	jQCRqsmtPm	Error-403	1369
19	07/13/2005-09:10-AM	RKWIdqvGfH	Error-400	1579
20	05/03/2007-11:21-AM	jKeYuIZKyo	Error-500	1307
21	08/24/2007-04:16-AM	Cqheusujfc	Error-404	2171
22	07/04/2005-06:10-PM	meRnZRprEt	Error-404	1903
23	12/22/2006-05:15-PM	UNfyRmhdMs	Error-404	3169
24	06/06/2011-02:51-PM	ypDOkFoine	Error-403	3521
25	10/25/2004-06:55-PM	WtvFsLVZjq	Error-404	595
26	11/03/2003-12:22-PM	zDAedkDiZm	Error-500	2150
27	09/21/2003-01:27-PM	RqTbqKazRS	Error-403	3923
28	02/03/2011-06:40-PM	AKouwekBfx	Error-500	2406
29	02/04/2009-10:17-AM	uKSjsTTEdD	Error-404	3820
30	06/10/2007-04:41-AM	vbnEbAnvxB	Error-500	2294
31	09/08/2002-09:41-AM	DPEtsXJofJ	Error-404	3458
32	01/15/2002-04:20-AM	KNfbsCSZpC	Error-404	3563
33	05/17/2009-08:12-AM	LuWIPqurdp	Error-403	2015
34	02/27/2010-10:07-AM	jMECoqYVln	Error-500	1696
35	08/06/2002-07:59-AM	IpiwkGNJPi	Error-403	3754
36	01/01/2001-06:29-PM	svurIoIZgm	Error-403	3464
37	11/21/2009-05:19-AM	vOvCyQluMp	Error-403	2702
38	10/24/2011-10:29-AM	DAmOobCvOs	Error-403	1038
39	05/09/2000-12:20-PM	IcqYNgxZuB	Error-400	3560
40	03/19/2004-10:03-PM	vmCVEHyqwR	Error-500	1444
41	02/12/2011-12:36-PM	RrKgMeiNvD	Error-403	2673
42	08/09/2001-10:54-AM	IXxCVdhlyF	Error-500	1135
43	11/09/2003-04:10-AM	BoEnPDAPqM	Error-400	2424
44	11/10/2008-09:27-PM	HOFpomryBN	Error-400	2678
45	03/23/2007-12:31-PM	atvJKxMYIz	Error-400	934
46	07/06/2006-09:38-AM	ypFOxWNUur	Error-400	1241
47	09/03/2011-10:10-PM	QxcfTsFnIh	Error-404	878
48	03/09/2010-07:05-AM	CBrUFTfQHV	Error-404	4
49	06/28/2007-05:51-PM	fJmWSboerz	Error-500	4035
50	04/10/2000-11:29-PM	EgSgPtkyqP	Error-400	3290
51	12/16/2006-12:14-AM	DVSwzkfdXx	Error-403	4088
52	10/22/2008-06:33-PM	VOMYWypiCP	Error-404	1694
53	08/14/2010-07:47-AM	zSBEaTnXYG	Error-403	487
54	02/24/2005-01:25-PM	VtVDbzMygZ	Error-403	1286
55	02/05/2003-06:22-AM	SIWyTEEqPY	Error-500	1220
56	10/12/2002-04:25-PM	yatHJWZuRA	Error-400	2562
57	02/28/2007-06:02-PM	fnunLyRIyf	Error-403	3353
58	09/04/2009-12:13-PM	PITXnMMmjE	Error-404	3984
59	08/12/2004-10:47-AM	TDnnrpkJsc	Error-403	315
60	05/04/2006-03:10-AM	sFugVfeurc	Error-500	336
61	03/10/2008-08:32-PM	fkEIRegUcD	Error-500	4094
62	07/19/2004-04:54-AM	wKLXSEKAEW	Error-500	1260
63	05/05/2003-01:04-PM	TzeuHditCR	Error-404	992
64	02/21/2010-05:28-AM	ZyxmbdxcIr	Error-404	915
65	07/28/2004-10:59-PM	tUZHFGJqLe	Error-404	2996
66	07/26/2000-08:13-PM	xchztpqMdt	Error-404	2791
67	12/07/2005-03:28-AM	HylUOBoCjf	Error-400	659
68	06/12/2003-07:37-AM	nxLqlVLYRc	Error-404	980
69	10/17/2004-07:27-PM	kFRlRDwmRK	Error-400	2379
70	02/27/2011-09:42-PM	posOdmtvnc	Error-403	55
71	12/07/2005-07:48-AM	qtZuNLhZqE	Error-400	3068
72	08/15/2001-02:41-PM	WirvLYASWm	Error-400	1154
73	05/10/2003-06:08-AM	XfbWWIFhfW	Error-403	2252
74	01/03/2000-11:24-PM	GLuLyawVJB	Error-500	21
75	05/25/2009-03:44-AM	wTHpQNAOYx	Error-404	3352
76	09/08/2004-10:08-PM	pgcIkbZbvD	Error-404	3611
77	05/23/2011-02:25-AM	zSHCVmDjxE	Error-400	3947
78	11/12/2004-07:46-AM	KwMkvbrceq	Error-500	570
79	03/20/2010-08:34-PM	JFkpdIzsbQ	Error-500	2541
80	08/03/2005-07:19-AM	zKMBunwuak	Error-404	120
81	12/25/2001-07:18-AM	DoWsoadrJw	Error-404	264
82	10/14/2005-11:58-PM	qFAlptBDSC	Error-403	2806
83	08/08/2004-12:48-AM	RUWFjyyNbT	Error-500	1655
84	02/12/2004-10:31-PM	TYiGslxDhJ	Error-403	205
85	09/07/2005-01:08-PM	NvynmkdKDv	Error-500	3815
86	12/29/2006-01:06-PM	YWWRcWrjiZ	Error-400	2819
87	01/13/2005-04:47-PM	mQtqeFCjRH	Error-403	3188
88	06/25/2004-07:29-PM	xrEvwUmuen	Error-404	3878
89	11/15/2004-02:03-PM	fmfLvtrtTd	Error-404	3602
90	07/04/2000-02:17-PM	ulXsWJbyHF	Error-500	329
91	10/28/2009-11:51-AM	NdaDjdwAns	Error-400	41
92	01/24/2004-03:01-AM	JJzLTfhMwQ	Error-400	3061
93	11/18/2003-04:34-AM	TOzngEpdIP	Error-500	1585
94	07/29/2007-03:30-PM	HNhUCmisQo	Error-400	1315
95	04/17/2000-10:10-AM	LYOQUbTrpv	Error-404	1104
96	12/09/2002-05:41-PM	EIfZzWoMDL	Error-500	631
97	05/18/2005-06:38-AM	NalkDNSThy	Error-400	2196
98	02/26/2006-12:22-AM	qpqWXsVYjk	Error-404	681
99	09/03/2007-04:43-AM	wjduFySjsA	Error-500	3506
